Ángulo,Energía
0,-0.3688
36,-0.38245
72,-0.39006
108,-0.38583
144,-0.38828
180,-0.39281
